Name,Material,Shape,Color,Area,J,I33,I22,I23,As2,As3,S33Pos,S33Neg,S22Pos,S22Neg,Z33,Z22,R33,R22,Cw,Fillet Radius,CG Offset 3,CG Offset 2,PNA Offset 3,PNA Offset 2,Area Modifier,As2 Modifier,As3 Modifier,J Modifier,I33 Modifier,I22 Modifier,Mass Modifier,Weight Modifier
CIRCLE,4000Psi,Concrete Circle,Magenta,1017.88,160731.04,82447.96,82447.96,0,916.09,916.09,4580.44,4580.44,4580.44,4580.44,7776,7776,9,9,,,0,0,0,0,1,1,1,1,1,1,1,1
ConcBm,4000Psi,Concrete Rectangular,Magenta,432,25192.3,20736,11664,0,360,360,1728,1728,1296,1296,2592,1944,6.9282,5.1962,,,0,0,0,0,1,1,1,1,1,1,1,1
ConcCol,4000Psi,Concrete Rectangular,Red,324,14784.12,8748,8748,0,270,270,972,972,972,972,1458,1458,5.1962,5.1962,,,0,0,0,0,1,1,1,1,1,1,1,1
SteelBm,A992Fy50,Steel I/Wide Flange,Cyan,10.25,0.59,561.85,18.02,0,4.49,5.58,62.43,62.43,6.01,6.01,70.56,9.27,7.4037,1.326,1378.13,,0,0,0,0,1,1,1,1,1,1,1,1
SteelCol,A992Fy50,Steel I/Wide Flange,Green,44,12.71,2774.67,972.17,0,9.04,32.04,308.3,308.3,108.02,108.02,338,163,7.9411,4.7005,70227,,0,0,0,0,1,1,1,1,1,1,1,1
W10X100,A992Fy50,Steel I/Wide Flange,Magenta,29.3,10.9,623,207,0,7.55,19.23,112.25,112.25,40.19,40.19,130,61,4.6112,2.658,5079.02,0.5,0,0,0,0,1,1,1,1,1,1,1,1
W10X112,A992Fy50,Steel I/Wide Flange,Red,32.9,15.1,716,236,0,8.61,21.67,125.61,125.61,45.38,45.38,147,69.2,4.6651,2.6783,6035.74,0.5,0,0,0,0,1,1,1,1,1,1,1,1
W10X12,A992Fy50,Steel I/Wide Flange,Green,3.54,0.05,53.8,2.18,0,1.88,1.39,10.9,10.9,1.1,1.1,12.6,1.74,3.8984,0.7847,50.7,0.3,0,0,0,0,1,1,1,1,1,1,1,1
W10X15,A992Fy50,Steel I/Wide Flange,Blue,4.41,0.1,68.9,2.89,0,2.3,1.8,13.79,13.79,1.45,1.45,16,2.3,3.9527,0.8095,68.02,0.3,0,0,0,0,1,1,1,1,1,1,1,1
W10X17,A992Fy50,Steel I/Wide Flange,Gray8Dark,4.99,0.16,81.9,3.56,0,2.42,2.21,16.22,16.22,1.78,1.78,18.7,2.8,4.0513,0.8446,84.63,0.3,0,0,0,0,1,1,1,1,1,1,1,1
W10X19,A992Fy50,Steel I/Wide Flange,Yellow,5.62,0.23,96.3,4.29,0,2.55,2.65,18.88,18.88,2.13,2.13,21.6,3.35,4.1395,0.8737,102.79,0.3,0,0,0,0,1,1,1,1,1,1,1,1
W10X33,A992Fy50,Steel I/Wide Flange,Gray8Dark,9.71,0.58,171,36.6,0,2.82,5.77,35.15,35.15,9.2,9.2,38.8,14,4.1965,1.9415,789.8,0.5,0,0,0,0,1,1,1,1,1,1,1,1
W10X39,A992Fy50,Steel I/Wide Flange,Yellow,11.5,0.98,209,45,0,3.12,7.06,42.14,42.14,11.26,11.26,46.8,17.2,4.2631,1.9781,993.2,0.5,0,0,0,0,1,1,1,1,1,1,1,1
W10X45,A992Fy50,Steel I/Wide Flange,Magenta,13.3,1.51,248,53.4,0,3.54,8.29,49.11,49.11,13.32,13.32,54.9,20.3,4.3182,2.0038,1197.62,0.5,0,0,0,0,1,1,1,1,1,1,1,1
W10X49,A992Fy50,Steel I/Wide Flange,Red,14.4,1.39,272,93.4,0,3.4,9.33,54.4,54.4,18.68,18.68,60.4,28.3,4.3461,2.5468,2079.32,0.5,0,0,0,0,1,1,1,1,1,1,1,1
W10X54,A992Fy50,Steel I/Wide Flange,Cyan,15.8,1.82,303,103,0,3.74,10.25,60,60,20.6,20.6,66.6,31.3,4.3792,2.5532,2305.36,0.505,0,0,0,0,1,1,1,1,1,1,1,1
W10X60,A992Fy50,Steel I/Wide Flange,Green,17.7,2.48,341,116,0,4.28,11.45,66.86,66.86,22.97,22.97,74.6,35,4.3893,2.56,2645.67,0.5,0,0,0,0,1,1,1,1,1,1,1,1
W10X68,A992Fy50,Steel I/Wide Flange,Blue,19.9,3.56,394,134,0,4.89,12.96,75.77,75.77,26.53,26.53,85.3,40.1,4.4496,2.5949,3065.46,0.5,0,0,0,0,1,1,1,1,1,1,1,1
W10X77,A992Fy50,Steel I/Wide Flange,Gray8Dark,22.7,5.11,455,154,0,5.62,14.79,85.85,85.85,30.2,30.2,97.6,45.9,4.4771,2.6046,3641.95,0.5,0,0,0,0,1,1,1,1,1,1,1,1
W10X88,A992Fy50,Steel I/Wide Flange,Yellow,26,7.53,534,179,0,6.53,17,98.89,98.89,34.76,34.76,113,53.1,4.5319,2.6239,4337.84,0.5,0,0,0,0,1,1,1,1,1,1,1,1
W12X106,A992Fy50,Steel I/Wide Flange,Yellow,31.2,9.13,933,301,0,7.87,20.13,144.65,144.65,49.34,49.34,164,75.1,5.4684,3.106,10624.95,0.6,0,0,0,0,1,1,1,1,1,1,1,1
W12X120,A992Fy50,Steel I/Wide Flange,Magenta,35.2,12.9,1070,345,0,9.3,22.76,163.36,163.36,56.1,56.1,186,85.4,5.5134,3.1307,12372.73,0.59,0,0,0,0,1,1,1,1,1,1,1,1
W12X136,A992Fy50,Steel I/Wide Flange,Magenta,39.9,18.5,1240,398,0,10.59,25.83,185.07,185.07,64.19,64.19,214,98,5.5747,3.1583,14659.41,0.6,0,0,0,0,1,1,1,1,1,1,1,1
W12X14,A992Fy50,Steel I/Wide Flange,Magenta,4.16,0.07,88.6,2.36,0,2.38,1.49,14.89,14.89,1.19,1.19,17.4,1.9,4.615,0.7532,79.96,0.3,0,0,0,0,1,1,1,1,1,1,1,1
W12X152,A992Fy50,Steel I/Wide Flange,Red,44.7,25.8,1430,454,0,11.92,29.17,208.76,208.76,72.64,72.64,243,111,5.6561,3.1869,17236.82,0.6,0,0,0,0,1,1,1,1,1,1,1,1
W12X16,A992Fy50,Steel I/Wide Flange,Red,4.71,0.1,103,2.82,0,2.64,1.76,17.17,17.17,1.41,1.41,20.1,2.26,4.6764,0.7738,96.59,0.3,0,0,0,0,1,1,1,1,1,1,1,1
W12X170,A992Fy50,Steel I/Wide Flange,Cyan,50,35.6,1650,517,0,13.44,32.76,235.71,235.71,82.06,82.06,275,126,5.7446,3.2156,20121.75,0.6,0,0,0,0,1,1,1,1,1,1,1,1
W12X19,A992Fy50,Steel I/Wide Flange,Cyan,5.57,0.18,130,3.76,0,2.87,2.34,21.31,21.31,1.88,1.88,24.7,2.98,4.8311,0.8216,132.05,0.3,0,0,0,0,1,1,1,1,1,1,1,1
W12X190,A992Fy50,Steel I/Wide Flange,Green,56,48.8,1890,589,0,15.26,36.83,262.5,262.5,92.76,92.76,311,143,5.8095,3.2431,23802.17,0.59,0,0,0,0,1,1,1,1,1,1,1,1
W12X210,A992Fy50,Steel I/Wide Flange,Blue,61.8,64.7,2140,664,0,17.35,40.53,291.16,291.16,103.75,103.75,348,159,5.8845,3.2779,27201.46,0.6,0,0,0,0,1,1,1,1,1,1,1,1
W12X22,A992Fy50,Steel I/Wide Flange,Green,6.48,0.29,156,4.66,0,3.2,2.85,25.37,25.37,2.31,2.31,29.3,3.66,4.9065,0.848,163.44,0.3,0,0,0,0,1,1,1,1,1,1,1,1
W12X26,A992Fy50,Steel I/Wide Flange,Magenta,7.65,0.3,204,17.3,0,2.81,4.11,33.44,33.44,5.33,5.33,37.2,8.17,5.164,1.5038,604.7,0.3,0,0,0,0,1,1,1,1,1,1,1,1
W12X40,A992Fy50,Steel I/Wide Flange,Cyan,11.7,0.91,307,44.1,0,3.51,6.88,51.6,51.6,11.01,11.01,57,16.8,5.1224,1.9415,1429.42,0.505,0,0,0,0,1,1,1,1,1,1,1,1
W12X45,A992Fy50,Steel I/Wide Flange,Cyan,13.1,1.26,348,50,0,4.05,7.71,57.52,57.52,12.42,12.42,64.2,19,5.1541,1.9537,1660.07,0.505,0,0,0,0,1,1,1,1,1,1,1,1
W12X50,A992Fy50,Steel I/Wide Flange,Green,14.6,1.71,391,56.3,0,4.51,8.62,64.1,64.1,13.94,13.94,71.9,21.3,5.175,1.9637,1879.83,0.5,0,0,0,0,1,1,1,1,1,1,1,1
W12X53,A992Fy50,Steel I/Wide Flange,Blue,15.6,1.58,425,95.8,0,4.17,9.58,70.25,70.25,19.16,19.16,77.9,29.1,5.2195,2.4781,3182.28,0.605,0,0,0,0,1,1,1,1,1,1,1,1
W12X58,A992Fy50,Steel I/Wide Flange,Gray8Dark,17,2.1,475,107,0,4.39,10.67,77.87,77.87,21.4,21.4,86.4,32.5,5.2859,2.5088,3563.56,0.6,0,0,0,0,1,1,1,1,1,1,1,1
W12X65,A992Fy50,Steel I/Wide Flange,Yellow,19.1,2.18,533,174,0,4.72,12.1,88.1,88.1,29,29,96.8,44.1,5.2826,3.0183,5755.8,0.595,0,0,0,0,1,1,1,1,1,1,1,1
W12X72,A992Fy50,Steel I/Wide Flange,Magenta,21.1,2.93,597,195,0,5.29,13.4,97.07,97.07,32.5,32.5,108,49.2,5.3192,3.04,6524.79,0.6,0,0,0,0,1,1,1,1,1,1,1,1
W12X79,A992Fy50,Steel I/Wide Flange,Red,23.2,3.84,662,216,0,5.83,14.82,106.77,106.77,35.7,35.7,119,54.3,5.3418,3.0513,7382.47,0.595,0,0,0,0,1,1,1,1,1,1,1,1
W12X87,A992Fy50,Steel I/Wide Flange,Cyan,25.6,5.1,740,241,0,6.44,16.34,118.4,118.4,39.83,39.83,132,60.4,5.3765,3.0682,8170.69,0.6,0,0,0,0,1,1,1,1,1,1,1,1
W12X96,A992Fy50,Steel I/Wide Flange,Gray8Dark,28.2,6.85,833,270,0,6.99,18.3,131.18,131.18,44.26,44.26,147,67.5,5.435,3.0943,9481.45,0.6,0,0,0,0,1,1,1,1,1,1,1,1
W14X109,A992Fy50,Steel I/Wide Flange,Green,32,7.12,1240,447,0,7.51,20.93,173.43,173.43,61.23,61.23,192,92.7,6.225,3.7375,20143.94,0.6,0,0,0,0,1,1,1,1,1,1,1,1
W14X120,A992Fy50,Steel I/Wide Flange,Blue,35.3,9.37,1380,495,0,8.56,23.03,190.34,190.34,67.35,67.35,212,102,6.2525,3.7447,22876.42,0.6,0,0,0,0,1,1,1,1,1,1,1,1
W14X132,A992Fy50,Steel I/Wide Flange,Gray8Dark,38.8,12.3,1530,548,0,9.48,25.24,208.16,208.16,74.56,74.56,234,113,6.2796,3.7582,25475.05,0.6,0,0,0,0,1,1,1,1,1,1,1,1
W14X145,A992Fy50,Steel I/Wide Flange,Yellow,42.7,15.2,1710,677,0,10.06,28.16,231.08,231.08,87.35,87.35,260,133,6.3283,3.9818,31789.61,0.6,0,0,0,0,1,1,1,1,1,1,1,1
W14X159,A992Fy50,Steel I/Wide Flange,Magenta,46.7,19.7,1900,748,0,11.18,30.94,253.33,253.33,95.9,95.9,287,146,6.3785,4.0021,35900.2,0.6,0,0,0,0,1,1,1,1,1,1,1,1
W14X176,A992Fy50,Steel I/Wide Flange,Red,51.8,26.5,2140,838,0,12.62,34.28,281.58,281.58,106.75,106.75,320,163,6.4275,4.0221,40753.37,0.6,0,0,0,0,1,1,1,1,1,1,1,1
W14X193,A992Fy50,Steel I/Wide Flange,Cyan,56.8,34.8,2400,931,0,13.8,37.68,309.68,309.68,118.6,118.6,355,180,6.5003,4.0486,45900.86,0.6,0,0,0,0,1,1,1,1,1,1,1,1
W14X211,A992Fy50,Steel I/Wide Flange,Green,62,44.6,2660,1030,0,15.39,41.08,338.85,338.85,130.38,130.38,390,198,6.5501,4.0759,51260.57,0.6,0,0,0,0,1,1,1,1,1,1,1,1
W14X22,A992Fy50,Steel I/Wide Flange,Blue,6.49,0.21,199,7,0,3.15,2.79,29.05,29.05,2.8,2.8,33.2,4.39,5.5374,1.0385,311.66,0.4,0,0,0,0,1,1,1,1,1,1,1,1
W14X233,A992Fy50,Steel I/Wide Flange,Blue,68.5,59.5,3010,1150,0,17.12,45.58,376.25,376.25,144.65,144.65,436,221,6.6288,4.0974,58744.2,0.6,0,0,0,0,1,1,1,1,1,1,1,1
W14X257,A992Fy50,Steel I/Wide Flange,Gray8Dark,75.6,79.1,3400,1290,0,19.35,50.4,414.63,414.63,161.25,161.25,487,246,6.7062,4.1308,67911.81,0.6,0,0,0,0,1,1,1,1,1,1,1,1
W14X26,A992Fy50,Steel I/Wide Flange,Gray8Dark,7.69,0.36,245,8.91,0,3.54,3.52,35.25,35.25,3.54,3.54,40.2,5.54,5.6444,1.0764,404.69,0.4,0,0,0,0,1,1,1,1,1,1,1,1
W14X283,A992Fy50,Steel I/Wide Flange,Yellow,83.3,104,3840,1440,0,21.54,55.55,459.88,459.88,178.88,178.88,542,274,6.7896,4.1578,77041.62,0.6,0,0,0,0,1,1,1,1,1,1,1,1
W14X30,A992Fy50,Steel I/Wide Flange,Cyan,8.85,0.38,291,19.6,0,3.73,4.32,42.17,42.17,5.82,5.82,47.3,8.99,5.7342,1.4882,879.99,0.4,0,0,0,0,1,1,1,1,1,1,1,1
W14X311,A992Fy50,Steel I/Wide Flange,Magenta,91.4,136,4330,1610,0,24.11,61.02,506.43,506.43,198.77,198.77,603,304,6.8829,4.197,88167.81,0.6,0,0,0,0,1,1,1,1,1,1,1,1
W14X342,A992Fy50,Steel I/Wide Flange,Red,101,178,4900,1810,0,26.95,67.51,560,560,220.73,220.73,672,338,6.9653,4.2333,102549.89,0.6,0,0,0,0,1,1,1,1,1,1,1,1
W14X370,A992Fy50,Steel I/Wide Flange,Cyan,109,222,5440,1990,0,29.71,73.15,607.82,607.82,241.21,241.21,736,370,7.0646,4.2728,115635.76,0.6,0,0,0,0,1,1,1,1,1,1,1,1
W14X398,A992Fy50,Steel I/Wide Flange,Green,117,273,6000,2170,0,32.39,78.85,655.74,655.74,261.45,261.45,801,402,7.1611,4.3066,129662.64,0.59,0,0,0,0,1,1,1,1,1,1,1,1
W14X426,A992Fy50,Steel I/Wide Flange,Blue,125,331,6600,2360,0,35.16,84.61,705.88,705.88,282.63,282.63,869,434,7.2664,4.3451,144675.59,0.59,0,0,0,0,1,1,1,1,1,1,1,1
W14X43,A992Fy50,Steel I/Wide Flange,Green,12.6,1.05,428,45.2,0,4.18,7.07,62.48,62.48,11.3,11.3,69.6,17.3,5.8282,1.894,1961.13,0.59,0,0,0,0,1,1,1,1,1,1,1,1
W14X455,A992Fy50,Steel I/Wide Flange,Gray8Dark,134,395,7190,2560,0,38.38,89.88,756.84,756.84,304.76,304.76,936,468,7.3251,4.3709,158119.67,0.6,0,0,0,0,1,1,1,1,1,1,1,1
W14X48,A992Fy50,Steel I/Wide Flange,Blue,14.1,1.45,484,51.4,0,4.69,7.96,70.14,70.14,12.8,12.8,78.4,19.6,5.8589,1.9093,2238.36,0.595,0,0,0,0,1,1,1,1,1,1,1,1
W14X500,A992Fy50,Steel I/Wide Flange,Yellow,147,514,8210,2880,0,42.92,99.17,837.76,837.76,338.82,338.82,1050,522,7.4733,4.4263,185718.56,0.6,0,0,0,0,1,1,1,1,1,1,1,1
W14X53,A992Fy50,Steel I/Wide Flange,Gray8Dark,15.6,1.94,541,57.7,0,5.14,8.87,77.84,77.84,14.32,14.32,87.1,22,5.8889,1.9232,2524.14,0.59,0,0,0,0,1,1,1,1,1,1,1,1
W14X61,A992Fy50,Steel I/Wide Flange,Yellow,17.9,2.19,640,107,0,5.21,10.75,92.09,92.09,21.4,21.4,102,32.8,5.9795,2.4449,4721.8,0.595,0,0,0,0,1,1,1,1,1,1,1,1
W14X68,A992Fy50,Steel I/Wide Flange,Magenta,20,3.01,722,121,0,5.81,12,103.14,103.14,24.2,24.2,115,36.9,6.0083,2.4597,5290.75,0.59,0,0,0,0,1,1,1,1,1,1,1,1
W14X90,A992Fy50,Steel I/Wide Flange,Red,26.5,4.06,999,362,0,6.16,17.16,142.71,142.71,49.93,49.93,157,75.6,6.1399,3.696,15929.46,0.6,0,0,0,0,1,1,1,1,1,1,1,1
W14X99,A992Fy50,Steel I/Wide Flange,Cyan,29.1,5.37,1110,402,0,6.89,18.98,156.34,156.34,55.07,55.07,173,83.6,6.1761,3.7168,18215.75,0.6,0,0,0,0,1,1,1,1,1,1,1,1
W16X26,A992Fy50,Steel I/Wide Flange,Gray8Dark,7.68,0.26,301,9.59,0,3.93,3.16,38.34,38.34,3.49,3.49,44.2,5.48,6.2604,1.1175,563.89,0.402,0,0,0,0,1,1,1,1,1,1,1,1
W16X31,A992Fy50,Steel I/Wide Flange,Yellow,9.13,0.46,375,12.4,0,4.37,4.06,47.17,47.17,4.48,4.48,54,7.03,6.4089,1.1654,741.03,0.402,0,0,0,0,1,1,1,1,1,1,1,1
W18X35,A992Fy50,Steel I/Wide Flange,Magenta,10.3,0.51,510,15.3,0,5.31,4.25,57.63,57.63,5.1,5.1,66.5,8.06,7.0367,1.2188,1141.48,0.402,0,0,0,0,1,1,1,1,1,1,1,1
W18X40,A992Fy50,Steel I/Wide Flange,Red,11.8,0.81,612,19.1,0,5.64,5.27,68.38,68.38,6.35,6.35,78.4,10,7.2017,1.2723,1440.75,0.402,0,0,0,0,1,1,1,1,1,1,1,1
W18X46,A992Fy50,Steel I/Wide Flange,Cyan,13.5,1.22,712,22.5,0,6.52,6.11,78.67,78.67,7.43,7.43,90.7,11.7,7.2623,1.291,1717.08,0.405,0,0,0,0,1,1,1,1,1,1,1,1
W18X50,A992Fy50,Steel I/Wide Flange,Cyan,14.7,1.24,800,40.1,0,6.39,7.13,88.89,88.89,10.69,10.69,101,16.6,7.3771,1.6516,3043.98,0.402,0,0,0,0,1,1,1,1,1,1,1,1
W18X55,A992Fy50,Steel I/Wide Flange,Green,16.2,1.66,890,44.9,0,7.06,7.91,98.34,98.34,11.93,11.93,112,18.5,7.412,1.6648,3420.58,0.4,0,0,0,0,1,1,1,1,1,1,1,1
W18X60,A992Fy50,Steel I/Wide Flange,Blue,17.6,2.17,984,50.1,0,7.55,8.76,108.13,108.13,13.25,13.25,123,20.6,7.4772,1.6872,3834.1,0.405,0,0,0,0,1,1,1,1,1,1,1,1
W21X44,A992Fy50,Steel I/Wide Flange,Red,13,0.77,843,20.7,0,7.25,4.88,81.45,81.45,6.37,6.37,95.4,10.2,8.0527,1.2619,2111.5,0.5,0,0,0,0,1,1,1,1,1,1,1,1
W21X50,A992Fy50,Steel I/Wide Flange,Green,14.7,1.14,984,24.9,0,7.9,5.82,94.62,94.62,7.63,7.63,110,12.2,8.1816,1.3015,2549.03,0.505,0,0,0,0,1,1,1,1,1,1,1,1
W21X55,A992Fy50,Steel I/Wide Flange,Gray8Dark,16.2,1.24,1140,48.4,0,7.8,7.15,109.62,109.62,11.78,11.78,126,18.4,8.3887,1.7285,4967.35,0.498,0,0,0,0,1,1,1,1,1,1,1,1
W21X57,A992Fy50,Steel I/Wide Flange,Yellow,16.7,1.77,1170,30.6,0,8.55,7.11,110.9,110.9,9.33,9.33,129,14.8,8.3702,1.3536,3197.42,0.5,0,0,0,0,1,1,1,1,1,1,1,1
W21X62,A992Fy50,Steel I/Wide Flange,Yellow,18.3,1.83,1330,57.5,0,8.4,8.45,126.67,126.67,13.96,13.96,144,21.7,8.5251,1.7726,5957.54,0.505,0,0,0,0,1,1,1,1,1,1,1,1
W21X68,A992Fy50,Steel I/Wide Flange,Magenta,20,2.45,1480,64.7,0,9.07,9.44,140.28,140.28,15.65,15.65,160,24.4,8.6023,1.7986,6728.13,0.505,0,0,0,0,1,1,1,1,1,1,1,1
W24X55,A992Fy50,Steel I/Wide Flange,Blue,16.2,1.18,1350,29.1,0,9.32,5.9,114.41,114.41,8.3,8.3,134,13.3,9.1287,1.3403,3866.07,0.505,0,0,0,0,1,1,1,1,1,1,1,1
W24X62,A992Fy50,Steel I/Wide Flange,Red,18.2,1.71,1550,34.5,0,10.19,6.92,130.8,130.8,9.8,9.8,153,15.7,9.2285,1.3768,4580.98,0.5,0,0,0,0,1,1,1,1,1,1,1,1
W24X68,A992Fy50,Steel I/Wide Flange,Red,20.1,1.87,1830,70.4,0,9.84,8.75,154.43,154.43,15.7,15.7,177,24.5,9.5417,1.8715,9399.61,0.505,0,0,0,0,1,1,1,1,1,1,1,1
W24X76,A992Fy50,Steel I/Wide Flange,Cyan,22.4,2.68,2100,82.5,0,10.52,10.19,175.73,175.73,18.35,18.35,200,28.6,9.6825,1.9191,11099.44,0.5,0,0,0,0,1,1,1,1,1,1,1,1
W24X84,A992Fy50,Steel I/Wide Flange,Green,24.7,3.7,2370,94.4,0,11.33,11.58,196.68,196.68,20.93,20.93,224,32.6,9.7955,1.955,12815.29,0.5,0,0,0,0,1,1,1,1,1,1,1,1
W24X94,A992Fy50,Steel I/Wide Flange,Blue,27.7,5.26,2700,109,0,12.51,13.23,222.22,222.22,24.04,24.04,254,37.5,9.8728,1.9837,14927.18,0.505,0,0,0,0,1,1,1,1,1,1,1,1
W27X102,A992Fy50,Steel I/Wide Flange,Yellow,30,5.28,3620,139,0,13.96,13.83,267.16,267.16,27.8,27.8,305,43.4,10.9848,2.1525,23866.4,0.6,0,0,0,0,1,1,1,1,1,1,1,1
W27X114,A992Fy50,Steel I/Wide Flange,Magenta,33.6,7.33,4080,159,0,15.56,15.66,298.9,298.9,31.49,31.49,343,49.3,11.0195,2.1753,27762.34,0.6,0,0,0,0,1,1,1,1,1,1,1,1
W27X129,A992Fy50,Steel I/Wide Flange,Red,37.8,11.1,4760,184,0,16.84,18.33,344.93,344.93,36.8,36.8,395,57.6,11.2217,2.2063,32186.46,0.6,0,0,0,0,1,1,1,1,1,1,1,1
W27X84,A992Fy50,Steel I/Wide Flange,Cyan,24.7,2.81,2850,106,0,12.28,10.67,213.48,213.48,21.2,21.2,244,33.2,10.7417,2.0716,18109.96,0.6,0,0,0,0,1,1,1,1,1,1,1,1
W27X94,A992Fy50,Steel I/Wide Flange,Gray8Dark,27.6,4.03,3270,124,0,13.18,12.42,243.12,243.12,24.8,24.8,278,38.8,10.8848,2.1196,21235.11,0.595,0,0,0,0,1,1,1,1,1,1,1,1
W30X108,A992Fy50,Steel I/Wide Flange,Cyan,31.7,4.99,4470,146,0,16.24,13.3,300,300,27.81,27.81,346,43.9,11.8747,2.1461,30914.59,0.65,0,0,0,0,1,1,1,1,1,1,1,1
W30X116,A992Fy50,Steel I/Wide Flange,Green,34.2,6.43,4930,164,0,16.95,14.88,328.67,328.67,31.24,31.24,378,49.2,12.0063,2.1898,34837.96,0.65,0,0,0,0,1,1,1,1,1,1,1,1
W30X124,A992Fy50,Steel I/Wide Flange,Blue,36.5,7.99,5360,181,0,17.67,16.28,354.97,354.97,34.48,34.48,408,54,12.1181,2.2269,38431.3,0.65,0,0,0,0,1,1,1,1,1,1,1,1
W30X132,A992Fy50,Steel I/Wide Flange,Gray8Dark,38.8,9.72,5770,196,0,18.63,17.5,380.86,380.86,37.33,37.33,437,58.4,12.1947,2.2476,41408.73,0.65,0,0,0,0,1,1,1,1,1,1,1,1
W30X90,A992Fy50,Steel I/Wide Flange,Gray8Dark,26.3,2.84,3610,115,0,13.87,10.57,244.75,244.75,22.12,22.12,283,34.7,11.7159,2.0911,23862.38,0.65,0,0,0,0,1,1,1,1,1,1,1,1
W30X99,A992Fy50,Steel I/Wide Flange,Yellow,29,3.77,3990,128,0,15.44,11.73,268.69,268.69,24.38,24.38,312,38.6,11.7297,2.1009,27234.88,0.65,0,0,0,0,1,1,1,1,1,1,1,1
W33X118,A992Fy50,Steel I/Wide Flange,Magenta,34.7,5.3,5900,187,0,18.1,14.18,358.66,358.66,32.52,32.52,415,51.3,13.0395,2.3214,48500.48,0.7,0,0,0,0,1,1,1,1,1,1,1,1
W33X130,A992Fy50,Steel I/Wide Flange,Yellow,38.3,7.37,6710,218,0,19.2,16.39,405.44,405.44,37.91,37.91,467,59.5,13.2362,2.3858,56334.33,0.705,0,0,0,0,1,1,1,1,1,1,1,1
W33X141,A992Fy50,Steel I/Wide Flange,Magenta,41.5,9.7,7450,246,0,20.15,18.4,447.45,447.45,42.78,42.78,514,66.9,13.3984,2.4347,63625.84,0.7,0,0,0,0,1,1,1,1,1,1,1,1
W33X152,A992Fy50,Steel I/Wide Flange,Red,44.9,12.4,8160,273,0,21.27,20.49,487.16,487.16,47.07,47.07,559,73.9,13.481,2.4658,72548.81,0.7,0,0,0,0,1,1,1,1,1,1,1,1
W36X135,A992Fy50,Steel I/Wide Flange,Red,39.9,7,7800,225,0,21.36,15.8,438.2,438.2,37.5,37.5,509,59.7,13.9817,2.3747,68923.55,0.75,0,0,0,0,1,1,1,1,1,1,1,1
W36X150,A992Fy50,Steel I/Wide Flange,Cyan,44.3,10.1,9040,270,0,22.44,18.8,503.62,503.62,45,45,581,70.9,14.2851,2.4688,82718.6,0.75,0,0,0,0,1,1,1,1,1,1,1,1
W36X160,A992Fy50,Steel I/Wide Flange,Green,47,12.4,9760,295,0,23.4,20.4,542.22,542.22,49.17,49.17,624,77.3,14.4104,2.5053,89861.21,0.75,0,0,0,0,1,1,1,1,1,1,1,1
W36X170,A992Fy50,Steel I/Wide Flange,Blue,50,15.1,10500,320,0,24.62,22,580.11,580.11,53.33,53.33,668,83.8,14.4914,2.5298,97575.19,0.75,0,0,0,0,1,1,1,1,1,1,1,1
W36X182,A992Fy50,Steel I/Wide Flange,Blue,53.6,18.5,11300,347,0,26.32,23.8,622.59,622.59,57.36,57.36,718,90.7,14.5197,2.5444,107432.55,0.75,0,0,0,0,1,1,1,1,1,1,1,1
W8X31,A992Fy50,Steel I/Wide Flange,Yellow,9.13,0.54,110,37.1,0,2.28,5.8,27.5,27.5,9.28,9.28,30.4,14.1,3.4711,2.0158,531.09,0.394,0,0,0,0,1,1,1,1,1,1,1,1
W8X35,A992Fy50,Steel I/Wide Flange,Magenta,10.3,0.77,127,42.6,0,2.52,6.62,31.28,31.28,10.62,10.62,34.7,16.1,3.5114,2.0337,618.58,0.394,0,0,0,0,1,1,1,1,1,1,1,1
W8X40,A992Fy50,Steel I/Wide Flange,Red,11.7,1.12,146,49.1,0,2.97,7.53,35.39,35.39,12.17,12.17,39.8,18.5,3.5325,2.0486,725.19,0.394,0,0,0,0,1,1,1,1,1,1,1,1
W8X48,A992Fy50,Steel I/Wide Flange,Cyan,14.1,1.96,184,60.9,0,3.4,9.26,43.29,43.29,15.02,15.02,49,22.9,3.6124,2.0783,929.82,0.395,0,0,0,0,1,1,1,1,1,1,1,1
W8X58,A992Fy50,Steel I/Wide Flange,Green,17.1,3.33,228,75.1,0,4.46,11.1,52.11,52.11,18.27,18.27,59.8,27.9,3.6515,2.0957,1181.76,0.39,0,0,0,0,1,1,1,1,1,1,1,1
W8X67,A992Fy50,Steel I/Wide Flange,Blue,19.7,5.05,272,88.6,0,5.13,12.9,60.44,60.44,21.4,21.4,70.1,32.7,3.7158,2.1207,1438.47,0.395,0,0,0,0,1,1,1,1,1,1,1,1
